source,review,label
Grab,aplikasi yang selalu menindas drivernya ga jelas banget kasian drivernya cs bayar 19rb driver cuman dapet 9rb duh karepmu piye cs di peras kok driver malah tambah sengasara,0
Grab,maaf jd bintang 3 awalnya kebantu karna ada promo tp drivernya ga mau ambil dgn dalih jauh titiknya ga sesuai dgn pembayarannya kecewa bgt sih sm grab,1
Grab,2 bulan ini berat banget apk nya bkin ngelag hp yg ram 4gb ini apk ojek online apa yutub sih setiap buka kok malah otomatus mutar video ga jelas bikin berat,0
Grab,aplikasi udah bener sopir grab car nya sering gak bener kebiasaan malak mohon grab memberikan teguran kepada sopir sopir yg seperti itu,1
Maxim,maxim gak jelas kenapa penumpanh di turunkan di jalangak ramah banget cuma gara2 ongkos kecil nganter sampe gerbang perumahan dong kykgini kalitolong di sleksi drivernya,0
Maxim,ekonomis untuk aplikasi maxim penumpang maps nya masih kurang kumplit jadi untuk menentukan titik masih agak susah,1
Grab,sudah dapat driver grabcar yang dekat tiba2 dibatalkan oleh sistem grab kenapa grab tidak rela kalau pelanggan pakai promo tapi dapat driver yang jaraknya dekat,1
Grab,seperti hilang tanggung jawab aplikasi tidak menyediakan admin secara langsung untuk menanggapi keluhan pelanggan di pusat bantuan nya semua pesan itu robot yang tidak berguna admin nya tidak ada seolah tidak mau tanggung jawab dengan apa yang terjadi,1
Maxim,maxsim bagus tapi sayang nya nga ada fitur telpon buat driver sama buat poto klo di gojek ada tolong buat amit maxsim biar ada telpon donk,0
Grab,tolong dipertegas untuk mitra grab carnya saya pesan dari grab car hemat plus sampai xl hampir 2 jam di cancel terus sama driver,0
Maxim,percuma udah ada e walletnya tp driver masih maunya tunai klo bikin aplikasi jangan nanggung donggg,1
Maxim,driver nya pilih pilih hemmm padahal lagi di kejar waktu please lah jangan mandang deket jauh nya,1
Grab,tolong dong mapsnya di perbaikin padahal titiknya sdh sesuai tapi driver malah di puter sampe kewalahan cari alamat di app sebelah ga pernah ada driver kewalahan cari alamat,0
Grab,sering bgt ngegunain jasa grab ini tapi sekarang malah di buat kecewa karena banyak bgt oknum oknum grab yang suka cat calling dan suka ngegodain orang dengan cara menjijikan bahkan sampe ngajak ke hotel saya harap lebih diperhatikan lagi kesopanan para pekerjanya,0
Grab,sedikit kecewa sih pengalaman saya ada grabcar hemat lumayan tuh diskonnya tapi pelayanannya kurang memuaskan tolong dong pelayanannya di tingkatkan lagi pernah di bilang tidak enak sama drivernya di bilang minus lah rugi tapi kenapa di adain grab car hemat grab bike hemat,1
Grab,aplikasi terlalu beratentah derita apa yang ditanggung terutama mapsnnya terasa berat dan tak bergunapadahal sudah berapa banyak biaya layanan ke aplikasi yang dibebankan ke customertp tidak ada perbaikan ke arah yang lebih baiklancarentengmalah semakin ruwet,1
Grab,klo driver grabcar jngan seenak nya dong udah nunggu lama selalu di cancel sma driver nya seenak nya sajaa selaluu gtuu,1
Maxim,bagus aslinya tapi drivernya sering cancel jadi kasihan yang dapat driver yang jemputnya dari jauh saran aja khusus driver yg cancel padahal dekat dr titik harus dikasih hukuman pengurangan rating sebesar 05 trs kalau rating dibintang 3 diperlama dpt penumpang,1
Grab,ini driver kalau kalau kita pake promo biar murah malah gak ada yg mau ngepick kalau pun ada sengaja di lama lamain hadeh,1
Grab,pengen tak viralin sekalian untuk grab car yang dapet promo 10 ribu slalu di perlakuin ga baik custnya untuk ac lampu gada yg di nyalain gila,1
Grab,drivernya banyak yg tdk sopan tdk sabaran suka marah2 terutama driver yg sdh berumur terlalu merasa dibutuhkan pdhal sama2 kt membutuhkan tp dng begini kami uninstal lebih baik yg hijau sebelah,1
Grab,saya peke grab bike hemat tapi bayarnya 17000drivernya terima 10400 gila grab ga ngotak kasian drivernya saya kira driver nerima 15000,1
Grab,buruk saya tidak bisa menemukan rumah saya sudah saya cari cari tetap tidak ada tolong perbaiki mapnya,1
Maxim,terimakasih selain gercep juga ramah baru pertama kali make jasa gojek online dan g salah milih maxim jadi aplikasi,1
Grab,saya driver grab merasa tidak puas dengan map aplikasi bukanya kasih solusi pada kerjaan justru bikin stres driver maps selalu muter tidak jelas,1
Maxim,tolong driver car untuk wilayah kota kendarijangan suka naik kan hargadi aplikasi maxim tujuan ke kelurahan sebelah cuma 24 800rpsampai di tujuan jadi 27 ribukadang naik hampir 10 ribukami pengguna maxim jdi ragu menggunakan maxim car,0
Grab,sangat tidak nyaman di daerah saya banyak driver tapi saya pesan tidak ada yg merespon,0
Grab,driver b2260koe banyak ngeluhnya kalo ga punya jiwa melayani ga usah diambil jobnya udh minta tambahan terang2an penumpang disuruh keluar tengah jalan sakit itu driver,1
Grab,mntap krn anda anda perjln jd lncar dan tepat wktu trimz buat rekan2 grab ati2 d jln dan jgn lupa jaga kondisi,1
Grab,kenapa aplikasi saya tidak bisa tampilkan transportasi dan lain lain tdk seperti biasanya padahal sdh sy instal ulang,0
Maxim,aplikasi sampah driver nya urakan tidak ada perlindungan untuk konsumen penipuan argo driver muter2 ga jelas padahal rute cepat ada sengaja supaya biaya mahal mau di report tapi manajemen ribet sangat tidak praktis kalo bisa bintang 0,1
Grab,trm kasih udah menghtr sampek tujuan dangat puas sehat sehat ya pak semoga lancar untuk keluarga,1
Grab,berguna banget sih ini aplikasi kalau kita pulang kerja malam kita bisa nih mesan transportasi di sini terimakasih grab,1
Grab,mobil datang dalam tempo yang cepat dan tak terlalu lama menunggu pengemudinya ramah dan sangat membantu penumpang,1
Maxim,driver buruktarif tidak sesuai suruh tambah ongkosnya mending gak usah installmurah hanya diaplikasi real nya driver minta tambah,1
Maxim,pengemudi ade humaedi dengan motorcycle warna hitam nopol a5900nl selamat menikmati perjalanan anda rating 495 asik di ajak berbicara sopan dan ramah,1
Grab,sangat membantu saya untuk perjalanan di luar kota biaya nya relatif murah dan banyak promo nya terimakasih grab,1
Grab,jalan dari kost ke kantor udah selesai di cor tapi ini tarif nya masih tarif lama yang muter tolong dong di update,0
Maxim,terimakasih pak semoga sehat dan di lancarkan rezekinyaa amiinn sangat bagus musik yg bagus pengemudi dengan hati hati pengemudi sopan tiba dengan cepat bersih rapi,1
Maxim,saya kalau sudah di banda aceh kalau pakai ojek tetap maxim cara pakai mudah biaya pun lebih murah terimakasih,1
Grab,tolong peta utk konsumen di perbaiki lagi sering nyangkut peta nya jd gk ketahuan udah sampe mana driver jemput nganter mknan nya,0
Grab,grab tuh banyak diskon keren cma drivernya aja klo kita pke diskon untuk berpergian kurang bikin nyaman giliran kemablian nya kita kasih aja berubah raut wajahnya wkwk,1
Maxim,makasih ya buat mas nya orang nya ramah bngett kalo nge driver gak bakal nyesel deh sehat2 sekeluarga buat mas e,1
Maxim,klo sudah selesai mau buka chat nya lg ko ga bs ya kira gmn soalnya sy td ada brg ketinggalan ditaro didpn motor pas turun sy lupa mungkin driver jg lupa sy tdk tau,0
Grab,bisa tidak ya mulai menormalisasikan untuk tidak merokok di dalam kendaraan bau asap rokok itu susah hilangapalgi penumpang grabcar juga ada anak anakbumilorang tuabaik dalam kondisi sehat ataupun sakit please untuk para pengemudi dan konsumenhargai paru paru anda keluarga andadan penumpqng anda,1
Maxim,tolong mapsnyaa dipermudah min kadang aga susah search alamat sedik berat juga kita drag maps dan buka fitur foto di room chat agar memudahkan customer memberikan informasi kepada driver,1
Grab,tolong supir grab car nya di filter lagi ya ga pernah ada sopan santun sama sekali satu org pun,1
Maxim,drivernya parah penumpang disuruh bayar lebih padahal parkir dan tol sudah kami bayar tetap minta lebih dan alasannya buat biaya layanan niatnya pengen agak murah dari sebelah malah justru lebih mahal dari si biru,1
Maxim,aplikasinya ok sayang ada oknum drivernya gak proporsional menfcancel setelah penumpang naik dan membawa penumpang tidak melalui aplikasi sangat membahayakan,0
Maxim,coba tolong setiap bulannya dari pihak maxim ada pengecekan kendaraan drivernya terutama mobil saya 2x naik maxim mobil dlm keadaan kotor dan bau tidak sedap gak nyaman banget rasa mual saya slama di perjalanan cium aroma didalam mobil,1
Grab,menyediakan pelayanan publik yang menyenangkan baik driver yang ramah dan armada baik tetap semangat sukses berkah bagi semua,1
Maxim,baru tau sy klo maxim semurah ini klo sy mau pake maxim trus trimakasih untuk driver nya abang nya baik bgtnganter ke tempat tujuan dgn selamat,1
Grab,mksh bang udah di bantu itu klrga dr jakarta sedangkan saya org biasa ga py mobil tolong pihak grab di bantu bila penumpang masih klrga dan sy pesan grab dr rmh tolong di permudah,1
Maxim,ongkos murah tapi drivernya aneh2 minta di cancel begitu di cancel ternyata drivernya datang mintanya offline saja,0
Grab,terima kasih untuk pelayanan driver grabsemoga kwalitas pelayananya semakin baik dan semakin berkwalitasmampu memberikan kepercayaan dan kenyamanan customerterima kasih,1
Grab,tolong kalo seleksi drivernya minimal tahu lokasi kota yang diambil jangan mengandalkan titik sudah sesuai saja ga usah jadi driver kalo ga tahu lokasi,1
Maxim,aplikasi ini sangat baiktapi yang bikin jelek itu drive yang cara bicaranya tidak sopan dan tidak pantas untuk di dengaringin rasanya berhenti gunakan apalikasi initapi tidak semua driver yang gituini untuk beberapa driver saja,1
Maxim,terimakasih banyak untuk owner maxim dan seluruh teamnya semoga selalu sehatkuatslmtamanlancarbrhsil semakin sukses barokah dunia akhiratnya seluruhnya,1
Maxim,bintang 4 dulu karena masih ada beberapa hal yang harus ditingkatkan lagi maupun itu dari aplikasinya ataupun dari drivernya,1
Maxim,untuk motor bagus bgt hemat tapi untuk mobil saya sudah nunggu hampir 20 menit lebih tapi ga dapet padahal banyak driver di sekitar kalo gamau ambil ya di matiin ajh aplikasi,0
Grab,tlong dong yg tau gmn caranya pembayaran tunai ga bisa dipakai dicoba berulang kali ga bisa itu knp ya,0
Maxim,tolong dong kasih tau driver nya jaga kebersihan masa jaket nya bauk kaos kaki basah yang udah busuk saya nahan mual terus sampai akhir nya minta berhenti sebelum sampai tujuan mana hlem nya bauk juga sama banyak bulu kucing,1
Maxim,sangat membantu juara sekali ramah pertahankan driver seperti ini si saat yang lain minta cancel minta tambahan biaya yang ini malah nggk mau si bayar karena sama2 jualan online juga,1
Grab,grab kok akhir akhir ini layanan nya malah turun yapesan dgn tarif hemat 5 kali di batalkan driver perlu perbaikan ini,0
Maxim,info untuk management maxim untuk driver pakai aplikasasi yang mana yaa di playstore ada maxim driver dan taxsee driver mohon petunjuk,0
Grab,wahai customer yg budiman kalo kasih rate jangan tega kasihan driver kalo di kasih rate jellek langsung anyep ga sehari bermingguminggu kasihan kalo punya keluarga udah susah lu bikin susah lu bayar juga ga mahal pikirin keluargs driver juga jangan tega jadi manusia punya empati,1
Maxim,terima kasih sudah menyediakan aplikasi ojol yang murah dan membantu serta tidak segan memberi voucher kepada pelanggannya semoga sukses selalu,1
Maxim,aplikasi bodoh harga emang menentukan kualitas logika nya kalau driver dapat argo rendah yah pasti pelayanan kacau wajar sih mending aplikasi sebelah deh lebih mahal sedikit tapi pelayanan top,1
Grab,ui user interface nya sangat jelek mapnya gak bisa zoom inzoom out ketika driver otw lokasi penjemputan,0
Maxim,aplikasi gak guna jangan didownload ngak sesuai aplikasinya saya mau mencari tujuan ngak keluar sama sekali tidak jelas alamatnya,0
Maxim,enggaakkk bangettt masa katanya mencari pelaksana terdekat tapi kok nga ada udah itu di tolak semuanya lagi,0
Maxim,mudah pesan nya dan lebih murahdriver nya juga banyakselama ini belum dapat driver yang rese sih,1
Maxim,maxim sukabumi banyak yang nawar dari harga yang ditentukan mohon diadakan penilaian untuk driver lebih rinci agar tidak ada oknum seperti itu lagi,1
Maxim,kami driver tersiksa udah bayaran kecil salah penumpang dan penumpang laporin yg gak2 kami yang kena pbo aplikasi teraneh setidaknya ikutinlah gojek shoope lebih menjaga mitranya,1
Maxim,murah memang tapi klo di aplikasi ada tulisan segera akan tibadriver tiba lrbih dari 4 menit kecewa,1
Grab,apk bobrok capek bgt kalo mau cancel dipersulit bgt padahal lg laper tapi dikerjain sm toko yg ternyata udah ttp sama driver yg slowresp,1
Maxim,aplikasi nya selalu tidak akurag mrncari titik penjemputan dan tujuan harus nya pake gps yg bagus dong perbaiki gps nya biar banyak pengguna nya,1
Grab,tolong ya untuk grab tolong drivernya di wajibkan punya uang kembalian costumer jadi rugi kalo setiap hari nggak di kasih uang kembali dengan alasan nggak ada uang ribuan sesekali nggak masalah tapi kalo tiap hari ya mikir aja jadi males pake grab lagi,0
Maxim,kok driver maxim pada bawel ya ga pada santuy seperti driver go kalau mau kesejahteraan jangan jadi ojol yang udah ga ada pilihan mentok kerja di perusahaan atau usaha baim kalau mau hidup makmur,1
Maxim,baaiikkk bgt bapak nya ramah juga lebih murah aplikasi ini dri pada aplikasi ojek yg lain,1
Maxim,mantab pengemudi prancis limbong dengan honda mobilio warna hitam nopol bp1536dh selamat menikmati perjalanan anda rating 485,1
Maxim,murah cmn lebih nyebelin dr gojek kalau ga mau nerima jgn d terima udah nunggu driver g gerak2,1
Maxim,sangat membantu di saat butuh bepergian terimah kasih maxime semoga tambah sukses terimah kasih pak supir bikenya juga,1
Grab,ga perlu adain grabcar grabike kalau ujungnya supir ngeluh ke customer bukan soal apa nya jadi seolah kaya dipaksa untuk melibihi byr krna ga enak,1
Grab,selektif lagi dalam bermitra banyak sekali driver yang minta dibayar lebih kejadian pesen car dapat harga 14k dimintain 50k duluan boroboro tuh driver gerak gamau jalan dia malah nyuruh customer batalin mohon sekali mental opang kayak gitu ditindak karena udah banyak yg ngeluhin hal ini,0
Grab,alhamdulillah selalu dpt driver yg ramah cekatan dan selaau mengendarai kendaraan dg sgt hati2sehat sellau babang ojek gusti mberkahi,1
Maxim,selamat pagi semoga maxim lebih bagus lagi dari sebelumnya khususnya kami dipulau nias sangat terbantu dg adanya maximhanya sajasaya pengen lbh ditambahkan lagi seperti pembayaran jasa secara onlinemaximpay dan aman juga bagi kita tdk terjadi sesuatu hal,1
Maxim,tolong di cross cek driver atas nama novriza ramadhani argata motorcycle bewarna merah nopol h4533yq rating di apk 42 tolong dia sudah mengancam dan memeras saya saya ada bukti chatnya kejadian 23 februari 2025 sekitar pukul 2200 wib,0
Grab,driver nya sangat baik hati dan disiplin dan juga sangat berwibawa dan patuhi aturan per grabpan,1
Maxim,bpknya sabar dan baik menunggu ank sy yg jauh dr kotake bekasi muter2 nyari ank driver yg handal top bgt,1
Grab,kurang suka di cara pemilihan peta nya yang tidak bisa di atur dengan akuratmasa harus pasang pin di tempat yang harus ada di maps,0
Grab,driver nya baik karena pas hujan menyediakan jas hujan jadi perjalanan sy tidak terhambatjadi tepat waktu terima kasih semoga sehat selalu dapat rejeki banyak yang berkahi,1
Grab,saya pesen grabride dari sebelum hujan sampai hujan deras susah dapat driver 2 temen saya pesen goride sebelum hujan langsung datang apa aku beralih ke gojek aja grab nya saya uninstall,1
Grab,selama ini aman aman ajacuma kadang suka sebel klw pas masuk grab carkecium bekas driver habis ngerokok nafas jdi sesakgk nyaman jadinya dan ini sekarang kenapa aplikasi saya gk bisa bukaudh bbrp harieror terus,1
Maxim,anugerah dewantoro trima kasih banyak ya mas sangat membantu banget tahu banget rutenya pelayanan ramah good job mugi gusti tansyah maringi rejeki lancar ksehatan juga keselamatan aamiin,1
Grab,apknya si oke dan membantu bgt tp masi banyak driver yg gamau ngasih uang kembalian kaya 45rb pun kdg ga dikembaliin bahkan sering bgt ketemu driver yg minta double pdhl kita jg sesuai apk aja ga kemana mna lgi,1
Maxim,aplikasi ini sudah lama saya gunakan untuk pergi transportasi di sekitar jakarta harganya sangat ekonomis namun untuk map driver masih perlu ditingkatkan,1
Grab,layanan yg baik dari orang yg baik pula kita sangat suka dengan mbanya pula karna tlah kemudiian kami sampai di hotel dgn baik maaf jika didlam perjalanan sedikit merepotkan,1
Maxim,di mohon yaa maxim lebih di perbaiki lagi saya udah terlambat mau ke kampus ehh maximnya mencari pelaksana terdekat udah 2 jam saya nunggu minimal bgusin lagi kek saya ksih bintang 1,0
Grab,alkhamdulilah sopir nya baik semoga rezeki nya makin lancar berkah dan barokah nggeh serta sehat dan bahagia selalu bersama keluarga,1
Maxim,suka dapat driver yang ga ramah ngomong nya kasar memang ga semua tapi sering,1
Maxim,alhamdulilah selama menggunakan drive dari maxim sy mrasa puas syukran zakalahu namun sayang link blm bs di simpan sperti scara automact,1
Maxim,maxim tlong kalau mapnya ga bs akurat minimal edukasi drivernya liat catatan dari customer nya gara2 map brmsalah saya hmpir kelahi sama drivernya krn nyalahin saya kasi titik tujuan yg salah pdahal saya sudah ksi catatan tp ga dibaca,0
Maxim,sudah instal dan uninstall yang kesekian x nyapesan maxim car selalu ditolak ma drivernyapadahal di map terlihat banyak driver terdekat harga juga tiba berubah dari tarif awal tolong diperbaiki lg,1
Maxim,oke pengemudi abed nego banga dengan motorcycle warna merah nopol dn4712er selamat menikmati perjalanan anda rating 490,0
Maxim,saya senang dengan pelayanan maxim ojek online semoga harganya tetap terjangkau dan tetap mempertahankan kepercayaan dan kualitas pelayanan yg baik,1
Grab,alhamdulillah berkat ada nya grab ini sepupuh saya langganan saya engrab nya selalu pelayanan ramah baik terus updatkan cara pengguna aplikasi ini supaya mudah di meggunakan mudah di mengerti terima kasih,1
Maxim,mantab coi maxim murah bet murah driver nya juga cepet nyampe nya terus sampai ke tujuan dengan cepat dan selamat mantab maxim lebih bagus dari gojek,1
Grab,ini driver nya kurang ajar min minta tolong driver ini di briefingin atas nama henry situmorang plat no b 5286 kbu kalau bisa jangan sampe gara gara satu orang ini nama grab jadi jelek,0
Maxim,dapat driver engkong2 walaupun gemetar naeknya paling tidak maxim sudah mau memberi pekerjaan tidak memandang usiabuat engkong driversehat terus,1
Grab,customer yang platinum ya jangan dikasi ke driver yang bintang nya 49 dong gimana sih buat sistemnya,1
Grab,trmksh grab sudah membantu perjalanan kami terus tingkatkan layanan supaya pelanggan bisa nyaman aman ditunggu diskon2nya,1
Grab,mending grab kerjasama dengan blubet aja hemat maupun yang lain kita individu gabung di aplikasi gocar aja,1
Grab,hallo grabb saya pengguna setia grabb kenapa sekarang grabb jadi lelet memakan waktu dan loadingnya bener2 lama itu sangat menjengkelkan dan saya beberapakali pesen grabb car xl tapi mobil yang dateng hanya untuk 3 penumpang bagaimana ini grabb,0
Maxim,menurut ku sih worth it bgttt cuman utk akses lokasi ny masih kurang memadai tidak semua lokasi dapat di akses utk yg lain ny sudah bagus dan tarif ny pun sgttt ramah di kntong dpt brsaing good job maxim semoga makin sukses,0
Maxim,drivernya pada kaga jelas dan lelet juga masa gua udah sesusai titik di bilang nggak sesuai padahal udah berdiri di titik gua,0
Grab,alamat di maps susah bener ngatur nyaa tolong diperbaiki dong ngga ada pilihan buat cancel juga kalo lama2 gini kasian juga pihak driver grab jadi kekurangan penghasilan karena orang2 pindah aplikasi lain,0
Grab,pelayanannya tidak ramah baru pertama kali pakai grab dan kesan drivernya sangat buruk gabakal mau pakai grab lagi,1
Grab,tarif grabbike atau grabcar tanpa hematterlalu mahalsdgkan tarif di aplikasi driver ternyata sangatlah murahadilkah andamemberatkan pemesanmenyulitkan drivermenguntungkan andadrpd demikian kenapa anda tidak buat sistem tarif dr jarak driver brangkatkasian drivertengah mlm malah makin murahmikir,1
Grab,driver nya pada jorok semuanya jgn pesan disini dan driver nya naik ugal2an kalo dijln,1
Maxim,argonya murah dan terjangkau drivernya baik2 bgt bersih dan rapih driver maxim bisa tau lokasi saya padahl saya di stasiun banyak orang,1
Grab,aplikasi lu terlalu beratgolek yg mb nya sama saja ketika menginstal buka aplikasi nya itu gk lebay lemot kaya grabparah nih aplikasi bukan nya di kembangkan biar lancar di semua hp entengini malah bikin susah customer,1
Grab,driver sangat membantutapi kasian omset buat driver terlalu kecil semoga pihak grab sering kasih bonus buat driver,1
Maxim,hari ini saya memakai aplikasi maxim unt pertama kalinya alhamdulillah tdk perlu menunggu lama langsung dapat drivernya dijam sibuk meskipun aplikasi sebelah sampai bikin kesel dibatalin sopirnya ramah nyaman dan harga sangat murah dibanding yg lain terimakasih atas pelayanannya,1
Maxim,kenapa banyak driver gak mengerti gak hafal jalan emang google maps tidak selamanya membantu menyesatkan tapi paling tidak pihak maxim lebih memperketat lagi buat menyeleksi drivernya yang betul mengerti hafal jalan kalau perlu di adakan sekolah mengemudi lagi buat drivernya biar ngerti jalan,1
Maxim,pak sopir ramah dan sopan mengerti dengan penumpang ditempat titik jemput daerah pelabuhan terima kasih pak sopir yang baik hati tuhan memberkati,1
Maxim,untuk keamanan dan kenyamanan konsumen tolong di perhatikan bnyk akun driver yang memakai akun berbeda dengan kendaraan orang yang datang beda dengan data akun aplikasi orang plat nomor kendaraan beda grab sama gojek selalu sesuai ini maxim kenapa bisa seperti itu,0
Maxim,tolong pemilihan driver nya lebih diseleksi lagi laah orang tua atau aki kalo bisa dihold dulu udah 2x ngalamin dapet orang tua jalanya lelet ngantukan kagetan pula,0
Grab,sebagai seorang pengemudi faktor keselamatan adalah yg paling utama diperhatikan selanjutnya adalah kebersihan n kerapian kendaraan maupun driver nya,1
Maxim,makasih bapakkata anak saya diajak ngobrol seru bapak nyasehat selalu ya bapak amanah kerja nya lancar juga rejeki nyaaamiin,1
Grab,gabisa di batalin grab datang terus orang nya beda beda otomatis lempar driver lain padahal driver pertama yang lambat tidak ada respon selama 1 jam lebih akhirnya pake apk lain,0
Maxim,pengiriman cepat mudah di dapat drivernya juga baik sangat membantu dan biaya nya murah makasii y maxim,1
Grab,bunyi sound yg baru di aplikasi ini sangat mengganggu walaupun sdh dth drivernya tp soundnya tdk hilang,1
Maxim,driver nya ga sabaran bawa kendaraan ga peduli ada kubangan air kayanya tetep di terobos aja yang buat pengguna motor kecipratan air kotor jadinya santai pak,1
Grab,saya memakai grab sudah lama sekali selama ini okok sajatapi saya tidak pernah suka kalo driver cewe karna sangat tidak sefty dalam mengemudi dan pemilihan rutecara mengemudinya sangat sangat membahayansaran saya klo stiap pesan grab kalo bisa jangan kasih cewe,1
Grab,udh lama g pke grab pas liat pembayaran bs pke qris aku jd pke grab lg eh skrg malah pembayaran qris gd ydh sy g mau pke grab lg harga nya jg lbh mahal dibanding ojol sebelah,1
Grab,alhamdulillah bagus ramah hanya saja sempat mendapatkan driver yg tdk sabar pmarah tampak angkuh sekali ingatan itu membekas sampai sekarang,1
Maxim,apps ga jelasdrivernya ga niat kerjauda dikasih harga lebih malah di tolak terusga niat kerja apa gimanadan buat devlopernya mohon appsnya mohon di benahi lagi kadang sering error tiba tiba,1
Grab,makin kesini grab makin gjls mesen grab segitu banyak nya grab gaada yg ngambil lebih baik ojek pangkalan meskipun mahal satset,1
Maxim,untuk sekarang bagi aman dan cepat dapat driver harga masih paling murah dan tentu jadi pilihan cuma satu untuk tetap memperhatikan drivernya dan sering dengar cerita driver dapat ulasan negatif padahal sudah pelayanannya sudah sesuai,1
Grab,sangat membantu tapi sering saya temui driver yang meminta bayaran lebih atau kita memesan 2 tempat tetapi baru sampai satu tempat sudah di tandai selesai perjalanan usahakan pihak grab menyediakan fitur block driver tq,0
Maxim,driver maxim atas nama anggi suryadi putra cilegon baik banget sopan santun pokoknya nyaman banget driver anggi suryadi putra,1
Maxim,lama nya minta ampunnn driver nya mandi dulu lah minta tambah piti tapi lambat ampun deh,1
Maxim,sangat membantu sekali aplikasi nyaman dan mudah di gunakan driver tepat waktu dan ramah pelayanan oke,1
Grab,saya bayar ongkir mahal tapi ke driver keterimanya kecil kasian buat driver tolong di perbaiki buat ongkir driver biar konsumen masih bertahan bersama grab,1
Maxim,pengemudi angelinus yos bernad reshsy dengan motorcycle warna hijau tua nopol eb2319ed selamat menikmati perjalanan anda rating 495,1
Grab,hatihati untuk area cikupa dan gading serpong ada driver yang purapura tidak tahu tempat tujuan dengan alasan gmaps error dan lainnya jika minta nomor telepon jangan diberi karena akan dispam telepon dengan ancaman tidak jelas,0
Grab,udah bagus sih cuman masih aja ada lag pas aksesnya lama banget pas nyari tempat di maps nya kayak nggak smoothlancar gitu benering dong min,0
Maxim,aplikasinya lemot saya bayar pakai kaspro karena lemot masuk nya si driver minta chas jadi nya dobel bayar nya parahh,0
Maxim,salado beberapa kali ke potong tanpa ada driver yang datang ke lokasi penjemputan sama aja merampok uang user sangat memalukan,0
Maxim,bagus ih tapi tolong di permudah cari titik maps nya titik lokasi nya susah bgt,0
Grab,saya pesan grab plus beberapa x dapat y taxi bb saya ingin y mobil pribadi bkn taxi bb lama lama pindah pakai gojek yg jelas bkn kaya grab mengecewakan sistem grab,1
Maxim,untuk aplikasi maxim tolong lebih peka terhadap akun fiktif kasihan driver kalau dapat susah mencari uang tapi sering ada akun tipu karan driver tergiur sama ongkir nya,1
Grab,apaan nih giliran lagi mepet banget buat pergi malah nggak ada driver sama sekali lain kali hire pengemudi yang rajin aja lah nglawak minta dibatalin mulu,1
Maxim,harga yang argo di penumpang sama si sopir beda drivernya pada tanya lewat jalan yang mana kalo pendatang gk tau jalan gimana,0
Grab,gila grab ini lama lama mesen grabcar lama banget dapetnya sekalinya dapet di cancel bener bener kl org yg lagi buru buru gimana nasib nya tolong di perbaiki nih,1
Grab,kesalahan driver lama malah customer yg nanggung konsekuensi dibatalin ya karena buruburudriver jauh malah dapet konsekuensi customer bakal dapet yang lebih jauh kalau sering batalin selagi driver belum jalan ngga masalah dong kalau dibatalin malah ngancem customer si grab ini haduh,1
Grab,sudah daftar malah ada bacaan tindakan tidak wajar mesan saja belum aneh bin ajaib aplikasi sangat susah untuk mencari driver saya coba pengguna gojek atau max,0
Grab,alllhamdulilllah ramah banget dan mau menolong penumpang nyh bangus banget makasih pak udh mau menolong keluarga ku,1
Grab,tambahin lg promo grabike buat penumpang yg tiap hr pakai jasa ojek online grab bike terimakasih,1
Grab,ini gimana sih aplikasinya saya ga bisa hubungi driver dan di drivernya kebatal padahal ga ada yang batalin,0
Maxim,amang nya sabar nungguin pelangga beli ayam dulusehat buat pejuang rupiah di seluruh penjuru semoga bahu kalian selalu kuat dlm mencari nafkah yang halal nyetir nya pelan pak sopiranak istri slalu nunggu d rumah,1
Maxim,alamat maps gabisa sesuai titik beberapa kali driver salah padahal udh ditulis lengkap benerin apk nya tq,0
Grab,kacau sekarang grab mentang2 sudah banyak pemakai jd jelek pelayanan nya disaat dibutuhkan cepat cari driver ehh dikasihnya selalu yang jauh terus pdhl daerah saya ada grab yg ngetem,1
Maxim,bapaknya ramah kaliii terimakasih ya pa karna bapa tepat waktu jadi saya di terima kerja makasih ya pak lancar terus rezekinya sehat ya pak,1
Maxim,tolong dong min di tindak lanjutin kenapa saya malah dapet driver yang uda saya rating karena bermasalah,0
Grab,ni aplikasi tololl banget dahhh mau cancel di persulit ga jelas bet nungguin sampe hampir 3 jam ga ada driver ga jelas banget cok,0
Grab,alhamdulillah dengan adanya biaya layanan maka saya tidak perlu pake helm knp karena dengan adanya biaya layanan sudah tercakup salah satunya tidak perlu pake helmsafety belt driver kena tilang saya tidak perlu bayar krn sudah dibayarkan dalam biaya layanan tersebut mantap nga tuh,1
Grab,tolong yaa buat perekrutan driver nya cri yang benar benar punya akhlakyg saya dpat driver nya selalu yg kyk ga berpendidikan ga tau atitude dalam bekerjaga profesional,1
Grab,tolong untuk admin driver nya di ajari kalo scene qris nya hilang dan cara mengatasinya terima kasih,0
Maxim,tolong dong di perbaiki lagi untuk maps nya saya mau berangkat kerja ada rute yang lebih dekattapi malah otomatis pilih rute terjauhlalu saya sudah blg ke driver nya untuk pilih rute yg lebih dekat dia lebih memilih rute terjauh tolong lah di perbaiki,1
Grab,keren sih ini dg adanya program grab hemat bisa dapat driver fg motor yg terbaru dan besar mantap deh grab,1
Grab,sy berharap dari pihak grab agar lebih meningkatkan kesejahteraan para driver karena adanya mereka perusahaan grab menjadi lebih sukses dan kaya tetapi kasihan driver hidupnya tidak ada yg sejahtera hanya menguntungkan pihak grab sematatdk peduli nasib dan keadaan para drivernyahidup ojol,1
Grab,tolong sistem hemat grab car di hilangkankarna driver klo penumpang pesan yg hematac gak mau di hidupkan dan pelayanan jelek sekalian aja itu gak ad opsi hemat nya,1
Maxim,najiss engga lagi deh pake maxim titik penjemputan di cilangkap depok tuhuan kramat jati jaktim bisa bisanya driver gak tau jalan nyasar sampe mall cibinong,1
Maxim,sangat hemat cuman agak kesal juga sama bapak bapak gojek yang semangat kerja bapak jangan sering bikin emosi,1
Maxim,drivernya bad attitude minta harga lebih dr aplikasinya dengan alasan sudah tidak ada promo padahal di aplikasi tercantum harga yang berbeda dengan yang di minta driver,1
Maxim,susah banget cari alamat yang bener yang ada gak bisa berkontribusi sama google map bikin sala turun rugiiiiu,1
Grab,baru pertama kali pesen grabcar diaplikasi 39rb tapi driver minta dibatalkan dengan alasan kehabisan cargo dan pilih offline alhasil driver minta ongkos 70rb not recommended,1
Maxim,banyak kendaraan roda duanya sudah tidak layak pakai kenapa harus diberikan jadi driver maxim pelayanan dan kenyamanan harus diutamakan,1
Maxim,aplikasi gojek apa yg selalu lama dalam jemput customer bilangnya 1 menit tp bisa datang 5 menit kemudian ga jelsss ga usah pakai apk ini,1
Maxim,tolong benerin apk nya dong sering gangguan muter2 terus abang ojolnya chat jadi ngga bisa dibales kita mau konfirm ke ojolnya jadi susan kasian ojolnya,1
Grab,driver cancel didepan mata saya saat di lobby bahkan saya sudar teriakteriak memanggil driver tersebut dibantu dengan orangorang sekitar saya yg menunggu jemputan juga ntah ada konsekuensinya atau tidak dari pihak grab,0
Grab,terimakasih dengan adanya grab sangat membantu dan memberikan kemudahan dalam perjalanan kepada setiap orang yang telah membutuhkan nya,1
Maxim,saya ingin mendaftar ulang sebagai driver tetapi sudah mengganti motor dan ktp di akun lama sudah terpakai apakah ada cara agar ktp lama saya bisa saya gunakan kembali,0
Grab,grab promonya mantep diskon 15rb jd kita bisa ngelebihin 15rb nya ke driver yg anter pesenan kita dehh mantulll pokonyaaa,1
Grab,drivernya tidak profesional karena harga gocar nya 6500 langsung minta dibatalkan dan menjadi alasan karena murah nya gocar jarak penjemputan nya jauh dan langsung minta di batalkan,0
Grab,buat driver kalo mau narik sediain dulu kembalian jangan nyusahin udah mah gamau nukerin malah diem,1
Grab,uda 3 hari pesan express gak dpt driver di chat ke adminnya katanya hujan org cerah bgtu masa iya sampai 3 hari plus hari ini 4 hari ujan setiap hari pdhl jaraknya cuman 15km,0
Maxim,mantaps n untuk harga lebih murah supir ramah mau angkut penumpang ga seperti sebelah 3 kali di cancel,1
Grab,sy pingin naik greb tapi tidak bisa mengisi daftar nya jadi tidak bisa pesengimana caranya,1
Maxim,gak bisa dicancel dichat pun gk bisa gak seperti aplikasi lain kasian drivernya tambahin menu chat kek di aplikasinya,0
Grab,8 sampek jam 9 belum dapat driver tapi di cancel gak bisa emang mau di suruh sampek berapa jam,0
Grab,kenapa aplikasi grab ga bisa buka buat pesan driver saya mau pesan driver lama banget tolong di perbaiki sistem operasi nyamksh ya,1
Maxim,sebagai saran untuk kedepannya lebih baik dan terbaik lagipihak maxim memberikan training atau edukasi aplikasi buat driver krn di area daerah makassar driver sebagian belum memahami tentang platform fee dan parking fee,1
Maxim,maxin sangat ribet menentukan lokasi tidak seperti gojek atau grab sangat kecewa mohon di evaluasi kembali apk maxim,1
Grab,beberapa x mengalami dpt driver grabcar yg sangat tidak sopanlebih enak naik gocar atau taxi bluebird,1
Grab,sangat membantu untuk perjalanan kami memudahkan untuk mencapai tempat yang dituju sehingga mempermudah mendapatkan sesuatu yang diinginkan,1
Grab,maaf saya kasih bintang 3 karena saya jarang dapat diskon promo grabbike dan maps driver kadang error jd driver putar arah agak jauh dari titik tempat tujuan,0
Grab,aneh banget driver yang minta cancel berkalikali lah jadi saya yang rugi karena kena biaya tunggakan kocak,1
Grab,sekarang grabcar pelayanannya buruk banget sumpah minta saya suruh cancel terus alesan jauh pdahal cuma 10menit gak lagi deh make grabcar,0
Maxim,tolong dong diperiksa semua driver nyaaa apalagi daerah jambi kalo malam banyak yang pada upping price sampe 2 kali lipat bukan nya ga mampu tapi masa sampe segitu nya,0
Maxim,nunggu driver lama kendaran tidak terawat nomor polisi juga sudah lama mati atribut udah kayak baju pengemis driver nya juga beda tidak patuh rambu lalulitas di perempatan dan suka ngebut mantan pembalap liar yaa driver nya sngat tidak mngutamakn keamanan dan knyamanan pelanggan,1
Maxim,driver maxim di tempat saya banyak tidak pakai atribut jadi raguu apakah drivernya sesuai di app atau tidak tolong dipantau di area parepare sulawesi selatan,1
Maxim,tolong dong driver maxim buat jaga kebersihan helm pernah dapat driver yang helm penumpang nya bau bikin ga nyaman,1
Maxim,baru pertama x pakai maxim udah dikasih bonus kereeen maxim sukses selalu buat para driver,0
Maxim,selama menggunakan maxim aman dan lancar driver juga ramah dan asik di ajak ngobrol meski saya juga jarang ngomong hehehhe harga juga lebih terjangkau dr platform transportasi lain good job maxim,1
Maxim,mohon penjelasan nya an nusron driver b 1961 rop kenapa tarif nya rp 97500 jadi rp 107000 berangkat sedangkan balik pulang tarifnya sesuai rp 99500 driver z 1517 em an wahyu hidayat ok,0
Maxim,trimakasih terbantu banget dgn driver maxim semoga pelayanan maxim semakin hari semakin baik driver juga ramah dan bersih,1
Grab,aplikasi yg pengen untungnya aja tidak mementingkan driver kalo ada perusahaan lain yg mau kerjasamabisnis dengan grab paling semangat tapi liat kalo driver nya ngeluh pengen mengungkapkan perasaan selama dilapangan ehh malah pura pura ga denger dasar kacang lupa kulitnya,1
Grab,untuk keseluruhan dll itu bagus tapi yah tapi yg gua heran driver banyak tpi yg mau nerimaambil itu yah tuhan banget gitu lama nya minta ampun tolong apa guna nya driver bnyak gua juga kerja jadi driver ngk mudah tpi kok ngini amat yah,1
Maxim,pliss maxim driver klo ada motor nya gak layak buat narik jangan di acc orang rata2 naik ojek buat ngejar waktu klo motor nya kaya naek sepeda sama aja boong,1
Grab,tolong buat pusat grab perbaiki lagi jangan dikit di tangguhkan dan buat para driver jngn gampang melaporkan krna laporan km menghilangkan rezeki driver lainnya,1
Maxim,hati dengan oknum driver yg ga bener pengalaman saja tadi pagi saya dipaksa buat dianterin sampai rumah padahal saya hanya pesan sampai terminal saja tapi saya tetep tidak mau karena sudah takut drivernya ga sopan,0
Maxim,trmksh bnyak driver sangat ramah dan baiktrmksh sdh membantu mngendong ank smp k rmh ank kondisi sakit trmksh sllu nerbuat baik ya omm,1
Grab,cara daftarnya susah dulu cuma masukan no tepon sama akun facbook sekarang tambah ribet saya penupang,1
Maxim,aplikasinya bagustapi drivernya kadang tidak ramahsistem report driver nya pun tidak ada jadi kurang banget lah kelengkapan fitur di aplikasi ini,1
Grab,masukan utk grabjgn memberikan driver terlalu jauh dari lokasi pemesan kadang di dekat ada driver malah memberikan driver yg jauh jg penumpang menunggu terlalu lama jadi blm bintang 5 ya,1
Grab,adillah dlm memberi sanksi jgn terima laporan fitnah dr cs lgsg akun driver disuspend tanpa pemberitahuan keslahan apa yg di perbuat,1
Maxim,yeeeemakacihhh di saat driver yg lain slalu pilih customer tpi driver ini dgn ramah dan sopan mau nganterinbukan soal ongkos tpi memang orgnya baik good job,1
Grab,ko sy mau daftar dsru masukin lokasi tpi gk muncul muncul yah lokasi ny udah sy ketik tp blm muncul yg di bawahnya kya masih mencari lokasi trs pdhl klo buka yg lain jaringan aman2 aja,0
Maxim,gakkkk rekomendasi gak gercep supirnya titik lokasi dimana jemput nya dimana pokoknya ga gercep lah supirnya padahal lagi buru buru,1
Grab,harganya jadi naik 2 lipat ngak seperti biasanya fitur grabbike hemat menghilang secara tiba tiba begitu saja,1
Maxim,kendaraan motor banyak yang tidak patuh aturan lalu lintas driver berbeda dengan nama pemilik dan banyak yang tidak ramah,1
Maxim,nyari terapisnya lama bngt gak dpt2 tp emang murah sih minta tolong di map nya ditambahi nama jalan klu mantau driver ato talent sampai mana biar gampang thx,1
Maxim,aneh sama ojol maxim jd double pembayaran tdny pake kasprolalu akhirny berpindah jadi tunai saya cek kaspro saya berkurang,0
Grab,pelayanan cs kurang baikdan tidak sopan sebaiknya tutup aja aplikasi inidi tambah driver nya sombong sombong,1
Grab,niat mau pesan grabcar di suruh selfie udah naik turun kepala suruh pasin ini itu ttp ga bisa verifikasi bikin emosi malahan,1
Grab,makin kesini makin g jelas banyak iklan nya org nunggu driver tiba2 d alihkan ke halaman iklan,0
Maxim,tolong di perbaiki tarifargo nya agar adil buat driver dan juga customer dan juga perbaiki sistem maps nya agar mudah di pahami,1
Grab,lelet bangetmalas pake grab padahal dulu pake aplikasi ini terus sekarang maaf saya beralih ke gojekkkkk,1
Grab,anak sy sakit trus di jemput sama ibu supir beliau mau mencari anak sy yg susah di hubungima ksh ibu supir sdh mau mencari anak sy yg sedang skt supirx bagus pelayananx,1
Grab,aplikasi susah di buka padahal sinyal lancar gk jelas bangetpadahal lagi butuh butuh nya buat nyari jemputanmalah susahalasannya sinyal tidak tersambungpadahal buat buka aplikasi lain gak ada kendalalancar banget malahan tolong perbaikan nya dari developer,0
Maxim,dahal ya bagus ini apk tpi driver nya banyak yang nolak dengan alasan hujan yakali mesen sepeda dahal mesen pakek mobil huft,1
Maxim,assalamualaikum bagi kk admin driver saya tinggal di padang kota sering dengar keluhan dari driver maxim nya di karna tempat penarikan uang ewallet nya tidak ada yg terdaftar di khusus padang kota kasian driver nya,0
Grab,semakin lama semakin ga jelas promo tersedia kok mau cari menu yang lain promonya hilang anehh tolong diperbaiki,0
Grab,saya tidak bisa request refund dana saya secara mandiri tolong aplikasi grab dipermudah cara request refund dana,0
Grab,dlu saya pernh memakai aplikasi gojek dan bagus pelayanan sekarg saya mendownload nya lagi karena dlu hp syg hilang,1
Grab,sekarang lihat perjalanan driver di maps jadi lompatlompat sulit dipantau tidak seperti kemaren titik lokasi perjalanan driver berurutan jadi mudah dipantau driver sudah sampai mana mohon diperbaiki,0
Maxim,kecewa berat sih percuma punya fitur ewallet klo smua drivernya di kota makssr gk ada yg make tolong fitur ewalletnya di fungsiin ya kak biar gak kalah saing sm kompetitor sblh,1
Maxim,peta belum real time saat penentuan lokasi tidak ada titik lokasi sayapenumpang jadi penumpang mengarahkan titik secara manual dan bs berpotensi salah titik driver ok dan ramah,0
Grab,aplikasi nya ngelag padahal sebelum nya lancar lancar aja hp nya di restart pun sama aja tolong di perbaiki lagi di karena sudah sering pakai grab,0
Grab,gak lgi lagi deh pke grab care kata nya diskon pas datang aplikasinya minta di cansel trus harga nya beda sama di aplikasi,1
Maxim,kak bagaimana cara daftar maxim audah berulang kali di daftar lewat pesan telpn bahkan pake kode perfikasi tetap tdk bisa,0
Maxim,aman nyaman dan ramah di kantong khususnya kalangan pelajar apalagi kalau drivernya ramah dan wangi itu lebih baik sukses selalu jasa maxim luar biasa,1
Grab,plis saya dapet driver yang nawar pengen di lebihin trs gaptek ngg tau cara scan tolong dr grab ada survei untuk setiap ojol yang bisa cara bayar scan,1
Maxim,pertama kali pakai dan itu mudah tapi setelah saya sampai di tujuan dan ingin memberikan bintang 5 sayang malah eror karena jaringankoneksi internet terputus saat perjalanan walaupun sudah di nyalakan kembali koneksi internet saya tetap saja tidak berfungsi saya harap kesalahan ini ada solusinya terimakasih,1
Grab,alhamdulillah nyampai dengan selamat dan lancarabang grabnya baikramah banget terimakasih buat abang grab semoga banyak pelangganya dan lancar rezekinya aamiin,1
Grab,susah banget klo mau ngecancel apalagi salah alamat parah ribetsusah banget buat ngecanceludh dibatalin malah masuk driver yg lain lieur,1
Grab,gajelas driver susah bgt buat respon bikin emosi apalagi dijam jam laper nunggu berjam jam karna driver gamerespon sama sekali,1
Maxim,sudah bagus tampilan aplikasinya tapi ada baiknya di tingkatkan terutama pemberitahuan rute perjalanan agar mudah dilihat,1
Grab,percuma ada voucher grab hemat ujung ujungnya driver minta di offline kan karena ongkos dianggap kemurahan hadeehhh auto uninstl,1
Grab,sumpah grab klo emang gak dpet driver harusnya bisa dibatalkan ada tulisan pusat bantuan tapi gk guna,1
Grab,makin kesini makin berat buka aplikasi lama loading ny ga kaya dulu driver juga kadang suka pake motor ga sesuai plat nomer yang terdaftar,1
Grab,mending hapus aja grab2 hemat itu mesan grab car di terima tp didiemin ditelpon jg gak ngangkat tolong ya grab kita butuh kadang urgent jg kebutuhannya kalau ketemu yg beginian ah sudah lah,1
Grab,bye grab aplikasi paling berat di gunain buat pengguna hp 4gb ram pake sgala video iklan lah sgala macem lah di masukin bukan nya makin ringan malah makin berat aja tu aplikasi gimana ga pada kabur ke gojek shoppe bye bye,1
Maxim,argo tidak sesuai pemesanan awal 13 600 kenapa pas selesai trip malah jadi 20100 ga ngerti permainan dari driver apa emang permainan dari aplikasinya jujur aja dr awal drpda tipu kek gini kesian orangbyg bawa uangnya pas2an,0
Grab,berdasarkan pengalaman saya akhir ini menggunakan grab kenapa mendapatkan driver jarak nya cukup jauh ya dari titik penjemputan,1
Grab,semakin bebas kendaraan tidak sesuai di aplikasi aplikasi cancel tidak ada sangsi yang bikin driver kapok,0
Maxim,driver nya kurang baik trs di cancel mulu sama drivernya jdi tolong dong lbh konsisten lagi,1
Grab,aplikasi yang sangat membantu dalam kegiatan seharihari pencarian driver yang cepat tampilan fitur juga simpel namun rapih,1
Grab,pernah dapet driver namanya ardiansyah dari bandara menuju apartement kalibata driver nya baik sekali ramah dan sangat membantu,1
Maxim,agak kurang enak suka lama banget dapet draivernya bisa sampe 20 menit nunggu cari draivernya dulu mah cepet 1 menit 2 menit langsung dapet,0
Grab,aplikasi diupdate malah makin jelk dam kadang saya suka dapat driver yang jauh yang membuat saya lama menunggu,1
Grab,hallo grab terima kasih untuk diskonnya yg banyak ini cuman map nya di di perbaiki karena driver sdh sampe di depan rumah tqpi d map driver masih d setengah jaln,0
Grab,aplikasinya bagus driver nya juga lama lama tapi tolong perbaiki aplikasinya lag parah padahal di hp saya ga ada aplikasi apa apa cuma grab wa dan tt saja tapi masih aja lag apk grab nya padahal kemarin kemarin ngga,1
Grab,tolong lebih peduli sama drivernya apa lagi kalau drivernya bener punya masalah jangan anggap driver lu robot driver dapat masalah malah lu tambah bikin susah driver lu kocak,1
Grab,tolong grab klo blm selesai ama satu penumpang jangan nerima penumpang yang lain lama di tungguin soal ny,1
Maxim,aplikasi ga jelas dreafer nya pada sengaja di lambatin di apk nya tulisan udah tiba pas di cek dreafer nya masih jauh lebih mending grab atau gojek lebih aman walapun harga sedikit mahal,1
Grab,sangat cepat cekatan pelayanan nya bagus terimakasih sudah mencari kan kendaraan dan pengemudi yg baik dan amanah dan ramah terimakasih,1
Grab,saya kecewa dengan driver grab yang kurang ajar apalagi driver grab malaysia rata2 pemalas tolong pihak grab malaysia di pertegas sedikit,1
Grab,udh ditunggu dari jam 5 ga otw otw driver nya akhir nya pas udh mau buka minta dibatalin lol,1
Grab,alhamdulillah untuk saat ni selalu dapat driver yg baik dan ramah semoga selalu menjaga keselamatan penumpang nya aamiiiin allahumma aamiiiin,1
Maxim,ga bagus banget tiap mencari driver lama sekali seperti sengaja apa karna biaya nya terlalu murah jadi driver tidak mau mengangkut mohon ditindak lanjut padahal posisi driver pada dekat semua,1
Grab,kl grab car atau bike tlg jangan kasih driver yg posisi macet parah masa penumpang tunggu in 2 jam nga masuk akal woi tlg di perbaiki,0
Maxim,baru kali ini seumur hidup dibntakdimarahin smaa pengemudi nyapdhal ngmng baikujungmarah marahditngah jalanudah lobang malah dihatamga bner dah naik motor nyaaa sampe diliatin sma orangdijalanpagimalah ga mood sma tukang ojekbnyk yg bilng mnding gbok dari pada maxim keamanan dan keramahan nya kurang bngttolong di bantu,1
Maxim,pesan car pdhl pake kode voucher driver minta pembayaran normal car ongkos dekat sering minta cancel bike oke apk paling cepat penjemputan ketimbang aplikasi lain tapi bannyak driver gagap baru terus membahayakan membaca map gelagapan,0
Grab,bagus sih murah tapi kadang kasihan sama drivernya biasanya pas promo harga grabcar hemat sama dengan grab yg motor,1
Grab,garb di semarang cukup memuaskan penjemputan sangat cepat dan perjalanan cukup nyaman drivernya sangat nyaman,1
Maxim,driver nya ramah baik saya pelanggan yang punya trauma jatuh dan drivernya mau nurutin untuk pelan pelan saja driver sangat terpercaya terima kasih pak driver sehat sehat terus ya pak,1
Grab,kenapa selalu susah cari pengemudi dan malah dapat pengemudi yg jaraknya jauh nego harga sudah gak bjsa lagi,1
Grab,sya kecewa sya maps y grap susah di buka pakai 2 jari selalu susah lihat posisi driver dari peta,1
Maxim,sejauh ini wort it pake maxim sih dibanding yang ijo2 driver nya pada lelet2 klo jemput dan ribet maxim tinggal bang saya disini gak lama dateng dan driver twu jalan gak ribet,1
Grab,potongan harga di aplikasi penumpang tidak sama dengan driver sehingga terkadang minta ongkos lebih pada penumpang dan setelah melihat ongkos yang didapat oleh driver sangat miris karena bisa berkurang sampai 45 semisal di penumpang harga grab 30rb yg didapat driver hanya 17rb miris sekali,0
Maxim,orangnya ramah dan sosialnya sangat tinggi dijamin puas bagi kalian kalo ketemu driver kayak mbaknyamakasih mbak,1
Maxim,titik dalam map harap di update dari segi titik maps indrive masih jauh lebih bagus kasih fiture foto dalam chat untuk memudahkan konsomen dan driver,1
Maxim,agak kecewa sama drivernya padahal udah tertera harga dari lokasi ke tujuan cuma 35000 tapi driver malah pilih jalan yang lebih jauh untuk sampai ke tujuan dan harganya di naikin jadi 42000,0
Grab,ini ada apa ya sama grab susah bener cari cs live soal mau aktifin grab pay later dari kemarin eror mulu,1
Grab,saya pesen grab car supir nya di lempar2 terus maksudnya gimana inibikin kerja saya telattolong dong kerjasama nya kalau ga niat kerja gausah kerja bikin orang telat aja,1
Grab,tolong driver grab untuk diedukasi terkait tarif krna ngeluh trs n menjebak penumpang mnta tambhan ongkos 20ribu n ketika sudah jalan minta dimatikan aplikasi untuk dibayar tunai atau tf langsung ke driver,0
Maxim,saya sangat kecewa dengan driver maxim yang ugalan karna menyetir ugalan apa lagi sampai pukul penumpang sangat kecewa mohon untuk pihak maxim mengurus pada driver yang ugalan agar tidak kejadian seperti saya,1
Maxim,pengemudi khofifatus sholihah dengan motorcycle warna putih nopol s3878or selamat menikmati perjalanan anda rating 400 pengemudi khofifatus sholihah dengan motorcycle warna putih nopol s3878or selamat menikmati perjalanan anda rating 400,0
Grab,aplikasi termahal dikotaku cikampekkalo mau bersaing dgn aplikasi lain dan gk ditinggal customeradakan layanan hemat lagi dong kayak 2bulan kebelakang sekarang tarifnya 15rb tapi saya tanya driver katanya cuma dapet 8rb,1
Maxim,setelah update udah gak bisa liat posisi driver yang ada di sekitar kita mohon di tampilkan lagi posisi dirver di maps seperti sebelumnya terimakasih,0
Maxim,sejauh ini saya dapat driver yg baik ramah terimakasih untuk para driver maxim atas pengalaman hidup yg sangat berarti skali lagi trimakasih,1
Maxim,driver nya ngga taat aturan lalu lintas udah tau macet eh dia nyelonong hampir nabrak orang dikasih tau malah marah aneh,1
Maxim,penjemputan penumpang cepat kendaraan yang digunakan juga mantap pengemudi baik dan sopan terima kasih maxim dan pengemudinya,1
Maxim,sangat tidak worth it masa iya sudah siang driver nya tidak ada kembalian uang dan ada yang tidak menggunakan seragam maxim saya kecewa sudah berkali kali kena di maxim ini,1
Maxim,klo untuk maxim motor sih udh mantaap banget tapi klo untuk maxim mobilnya kurang baik kadang milih argo dan jarak penjemputan suka banget di cancel ga jelas dari drivernya harus di perbaiki lagi jasa maxim untuk driver mobilnya,1
Grab,trimkasih banyak selama ini bertahun tahun aplikasi grab beserta para bapak drivernya sudah membantu saya sebagai sarana dalam beraktivitas begitu juga untuk makan dan minum sayasukses selalu mmuaahhtks tuhan yesus memberkati kita semuaamen,1
Maxim,aplikasi mantap krna aplikasi ini transportasi ku jdi lbih mudahtrima ksih saya ucapkan kpd pihak maxim,1
Maxim,untuk di bandara ada tambahan biaya admin parkir yg kalau ditotal jadi lebih mahal dari gocar grabcar,1
Grab,pesan grap mobilnya stikernya maxim setelah datang minta bayar offline saja alasan jam sepi dan baliknya gak akan dapat penumpang ya sudah saya gak jadi pake grab,0
Grab,maaf saya pernah kena damprat driver grab karena saya minta tunggu 5menit bener2 didamprat sampek telpon marah2 karena memang lokasi agak masuk2 dan saya masih komunikasikan sama temen saya yang perlu jemputan,0
Grab,semuanya sudah baik semoga semakin baik sejalan dengan berkembangnya teknologi yang masih kurang dalam informasi waktu penjemputan kadang tertulis dilayar 5 menit tapi driver yang mengambil tiba ditempat penjemputan 15 menit,0
Grab,dikasih driver yg naikin harga gk sesuai aplikasi padahal dengan kesadaran diri pasti akan di kasih tip lebih cuman kali ini dapet driver yg tidak jujur kejadiannya ketika saya pulang dari kereta cepat mau ke jakbar,1
Maxim,driver harus di pilih2 yg baik2 akhlaknya barusan dpt ojol sdh marah 2 minta ongkir 2x lipat gilaaaa,1
Grab,tolong untuk semua para driver grab tolong sediakan uang kembalian ya saya sehari pake grab 4 kali dan semua driver bilang tidak ada uang kembalian atau ada uang yg kecil,1
Grab,trauma pake grab masa penumpang gatau jalan dimarah marahin ngejalaninnya ngebut gimana sih kecewa berat padahal udah percaya pake grab tapi malah dibuat kecewa,1
Grab,kepada grab kenapa kok mapnya beda sama yg di google mao pesen titiknya bingung karna beda sama yg di google map takut nanti drivernya bingung coba di perbaiki mapnya,0
Grab,sangat susah mengguna apk ini saya harus menunggu berjamjam itu pun tidak di terima sombong sekali driver nya ini semua susah payah sekali ga beres ga jelas,1
Grab,dimana saat kondisi hujan driver tidak mau menerima dan aplikasi di hidupkan sama driverkalok tidak menerima setidaknya di offkan aplikasinya dan dengan alasan hujan meminta tips lebih,1
Maxim,banyak penyusup hati hati banyak juga yang nipu saya udah 2 kali soal e tetep grabgojek pemenangya ada harga ada kualitas pelayanan juga,1
Grab,bagusminta tolong lebih banyak promo untuk mobil dan sepeda motor supaya bisa menikmati perjalanan dengan hemat dan nyaman terima kasih,1
Grab,kenapa perasaan kok semakin mahal ya padahal jaraknya juga nggak jauhjauh amat apalagi grab car nya kadang nggak ngotak harganya,1
Maxim,saran aja buat hrd driver maximtolong sebelum ngerekrut orangitu kepribadian sama ahklak pelamar di tes jugarata driver maxim pada nyolot dan ga beretikakayak preman semua,1
Maxim,driver pilihpilih pembayaran menggunakan ewallet tdk ada yg mau tpi klo pke tunai minta lebih susah juga nyari driver yg mau jemput alasannya jauh terus minta naik harga,1
Grab,tidak lengkap daftar lokasi khusus deli serdang map titik jemputan atau alamat yg di butuhkan jga tidak tersedia gmana mau pakai untuk transportasi dan bisnis model gni,0
Maxim,sempurna buat pak sopir nyamau nganterin sampe depan rumah walaupun di pelosok desaberkah selalu pak sopir semoga di lancarkan terus usaha dan rejekinya,1
Grab,grab skrg lemot lelet ga cpt respon kaya dulu mau cancel krn salah tujuan jg loading lama banget keburu drivernya datang,1
Grab,selama ini saya selalu pakai aplikasi grab oke ajj ga ada kendala apa tidak ada keluhan apa kadang ada diskon hahahaa mantap semoga selalu meningkatkan kualitas aplikasi dan driver nya yg lebih penting terimaakasih,1
Grab,saya sengaja milih ongkir yang agak murah tapi malah error nah pas saya milih ongkir yang mahal kenapa malah lancar padahal sinyal bagus waktu saya pilih ongkir yang murah,1
Grab,titik mapnya tolong di benerin dong sesuai sama google males banget harus debat sama driver karena ga sesuai titik alamat sudah bener padahal,0
Maxim,tolong dong untuk penyedia aplikasi dibenahi maps yg di aplikasi nya biar user dan driver tidak kebingungan masa maps nya diputerin puterin pdahal bisa pakai jalan yang umum dilewati orangorang,0
Maxim,untuk penitikan lokasi jemputtujuan tidak bisa nitik manual kalau ada patokan lokasi bisa input manual input lokasi sering lokasi tidak tersedia coba belajar dari grab gojek,0
Grab,drivernya ga jelas sudah nunggu lama malah dicancle lebih diperbaiki drivernya kalau tidak mumpuni tolong dipecat saja,1
Grab,sebenarnya grab sangat membantucuma setiap mo bayar pke duit lbih selalu bilng ga ada kmbalianaph itu udh trik nya padahal klu driver nya siap kmbalian brapa punaku selalu lebihintpi harus konsisten juga jgn mau lbihan selalu bilng ga ada kmbalian,1
Grab,tolang para pelanggan terrsayang mohon diperhatikanlah si abang drivernya iya dah pake banyak diskon dari grab masa ngasih parkir 2rb aja sepele bnget yaampun,1
Maxim,sorry to say saya berdebat dengan pengendara karna ga punya attitude dengan cara membohongi pelanggan saya sering kasih uang lebih tanpa di minta pembayaran di aplikasi dengan yang di katakan pengemudi jauh berbeda,1
Grab,dididik ya driver nya jangan gatel nanya nanyain halhal ga penting kek emang perlu bgt nanya privasi boleh gue spill ga nama driver sama plat nya disini wkwk,0
Grab,kasih opsi agar ttp bisa di gunakan walau belum update kadang lagi kepepet sinyal lemot jadi kelamaan mau nyari driver,1
Grab,kurang suka dengan grab karna ada satu driver yang sya ga kenal tiba nuduh sya dengan nama opik sedangkan sya ga tau opik siapa mana ada kata begonya pas sya mau bls chatnya ternyata di akhiri,0
Grab,jika ga bisa jd driver ga usah masa driver minta cancel kita juga yg menanggung kenaikan tarif padahal gw pengguna aplikasi grab,0
Maxim,terima kasih buat abang maxim nya udh ramah sama penumpang udh mau nunggu juga jarang dapet ojol yg ramah seperti ini pokonya the best,1
Maxim,maxim ini sudah bagus apk nya tapi tolong demi kenyamanan bersama di perbaiki lagi titik lokasi nya driver suka marah sama saya karena titik tidak sesuai ujung ujungnya saya harus memberi biaya tambahan karna tidak sesuai titik,0
Grab,kacau banget kecewa saya hanya ingin beri tahu untuk semua driver mobil jangan apa apa lewat tol padahal lewat jalur biasa aja bisa niat mau hemat malah boros karena harus bayar tol,1
Maxim,driver sangat ramah cpt respon dn sangat tenang bawa kendaraan ny makanya saya ksh bintang 5,1
Grab,buruk mapsnya gak jalan sekalinya jalan tidak lancar alias stuck stuck jadi tiba tiba sampe aja drivernya jadi kita taunya driver tidak jalan,0
Grab,map yg di grab car tidak sesuai titik jemputnya serta titik sampainya tolong diperbaiki agar singkron dengan titik jemput n sampainya kasihan drivernya di ajak muter2 sama map grab karena tidak sesuai,0
Maxim,aku suka sama bapa nya lemah lembut sopan baik banget enak bawa motor nya pelan gitu thee besttt buat bapa semoga dapet menumpang banyak semoga lancar rezeki nya aamiin,1
Maxim,pelayannnya mantep aku pengguna gojek beralih ke maxim overall aku puas banget sama pelayanan di maxim,1
Maxim,driver sangat baik ramah penjeputan cepat bawa motornya halus sangat nyaman berkendara dgn maxim,1
Maxim,saya pesan ojek 1830 tapi kok dapet ojek yg 5km lebih jaraknya waktu tempuh seharusnya cuman 1015 menit jadi 40mnt 1 jam padahal banyak ojek yg jarak dari saya cuman 500 meter telat masuk kelas saya nya gara2 ini,0
Grab,kasihan driver kena potongan nya gede banget tolong lah kasihan ke mitra driver nya tolong di perhatikan kesejahteraannya,1
Maxim,min mohon bantuan nya saya tidk bisa login ke akun taxse driver sayasoalnya nomer hp sya sudah tidak aktif,0
Grab,di tanggal 7 feb 2025 masih sering kena biaya rp 8000 untuk grab ride mulai tanggal 10 feb 2025 sekarang kena rp 11000 padahal pindah ke grab karena murah tapi ya ga ada beda sama aplikasi sebelah,0
Grab,haduhhhh grab gimana ini saya lagi urgent malah di cancel terus sama driver udah hampir 2jam nunggu gaada yg pasti,0
Grab,dikasih driver yg jauh terus sedangkan driver grab di sebrang jln banyak ga ngerti lgi sama apk ini,1
Grab,tolong rute perjalanan lebih diperhatikan ngga jarang driver justru diarahkan melewati rute yang jauh sampe ada yang muter,1
Grab,saya setiap hari menggunakan grab aplikasi sangat bagus nyaman driver nya juga fast respon tapi terkadang kalau sedang hujan aplikasi ini suka loading lama,1
Maxim,ramahsabardan hati2 bawa penumpangmenjemput sampai ditempat walaupun tidak sesuai titik karena lokasi kami susah dpt titik yg tepatberpatokan saja sekolahkantor kelurahansehat2 semua driver sukacita bawa penumpang,1
Maxim,drivernya lebih safety dr helm nya kurang bagus motornya jg ada yg udah bobrok bahkan jas ujan nya bau,1
Grab,grab maps nya belum sempurna driver sudah hampir sampai rumah keliatan gajalan sama sekali tolong customer grab diperhatikan lagi jika mau ngancel kasian performa turun jadi anyep,0
Grab,grab sekarang mahal sekali lebih murah aplikasi sebelah nyesel udah pernah jadi driver grab kalian itu untung sudah berkali kali lipat apakah harus saya sampaikan ke bapak presiden agar ongkos grab jadi sangat hemat,1
Maxim,sangat bangga dan harga sangat terjangkau buat masyarakat menengah kebawah di bandingkan ojol lain lain top lah,1
Maxim,tolong di perbaiki lagi masalah pejemputan drivernya dapat di jauh2 sedangkan yg saya liat ada yg driver posisinya dekat dengan saya,1
Maxim,mau di buka lama banget padahal jaringan bagus pakai wifi yang mahal dan lancar banget tapi pas buka nih aplikasi butut maxim loading muluu sampai setengah jam an lebihh,1
Grab,kereeeen deeeh kebersihan keramahan pelayanan krn g ada kembalian driver memberi free luar biasa akhirnya rogoh2 dompet dan tas agar bisa bayar,1
Maxim,tolonglah untuk driver maxim kalau lagi makan atau apalah matiin aja aplikasinya kaya gini saya sdh nunggu divernya taunya lagi makan kan kaya gini saya dibuat telat kerja,1
Maxim,aku pakai maxim dari awal smp kurang lebih udah 4 tahun bagus banget drivers nya juga baik baik,1
Grab,saya boking driver tertera di aplikasi harga sampe tujuan cuma 16 ribu untuk 3 orangsudah smpai tujuan dimintanya 30rbu katanya per orang 10rbu andai aplikasi ini bisa ters kejujuran manusia yg jdi tukang drivernya apalah daya mau minta tolong sma siapa,0
Maxim,semoga kedepannya talangan g susah dapatnya karna saya jualan pake jasa maxim yg perlu talangan lama banget kalau cari driver yg mau talangan,1
Grab,aplikasi nya berat banget woi hp lemot bener klo buka aplikasi grab yg lain aman saja buka shopp aja lancar,0
Grab,sampaikan pada semua drivernya kalo sekiranya ngga mau diambil karna alasan gerimis ringan atau apa kabarin customer nya kan ada fitur chat sering bgt driver kaya gini kalo lagi gerimis kecil udah nunggu 5 menit tibatiba di cancel dungu,1
Maxim,puas bgt pake maxim tengah malem butuh ojek yang lain susah buat login bertele2 maxim lgsg bisa pesan driver lgsg dpet tanpa tunggu lama drivernya good bgt dan buat mantau posisi drivernya juga keren bgt ngerasa aman saat mesenin org terdekat ojol dari maxim,1
Maxim,baik sekali drivernya ramah tidak sombong sangat membantu terimakasih banyak ya pak semoga kebaikannya di balas oleh allah,1
Grab,hai saya pengguna grab car baru tau setelah berbincang dengan driver kalau tarif yg saya bayarkan ternyata potongan nya besar dan yg driver terima kecil sekali miris sekali do begitu saya tau cari win win nya biar aplikasi dan mitra nya tetap berjalan,1
Grab,pada umumnya driver grabbike maupun grabcar ramahramah dan kalau kebetulan saya buruburu driver siap membantu senang saya naik grab,1
Grab,jangan ada pilihan grab car hemat jika di chat drivernya minta lebih argonya lebih teliti lagi mencari driver khususnya driver grab car,1
Maxim,ini knp maxim menghubungkan ke layanan aneh gak bisa masuk pas masuk ke aplikasi lain ke game lancar aja knp ini,0
Maxim,nggk pernah dapat driver yg dekat selalu yg jauh padahal diseputaran saya byk yg dekat driver nya,1
Grab,aplikasi sampah wajar aja banyak ditinggalin driver dan pelanggan pindah kesebelah3x download gagal trus ngures kuota doang,1
Grab,jarak deket harga ga hemat tp dpt driver keseringan posisi jauh kenapa yaaaa mengesalkan lama bangeeetttt,1
Maxim,pengemudi hendriko mendrofa dengan motorcycle warna abuabu dan biru nopol bp2317om selamat menikmati perjalanan anda rating 495,1
Maxim,tolong dong perbaiki sistem mapsnya kalau posisi driver masih jauh jangan di bilang 2 menit akan tiba nyatanya nunggu sampe 10 menit lamanya,0
Grab,bug di apknya minta ampun tiap msk apk slalu lodingnya lama ngeleg parah sampe buat hp saya kayak error mau jawab pesan dari driver aja bikin susah ini engga ad mau perbaikin ap,1
Maxim,menu pencarian tujuan masih kurang lengkap masa sekelas bandara internasional tidak ketemu di aplikasi maxim aneh kan,0
Grab,tutorial cara pesen grab dari daerah yg belum bisa menemukan pengemudi padahal di apk ada unit sekitar 4 menit di pesen tunggu dan di cariin selama 9 menit pengemudi tidak di temukan apakah bisa pesan grab walau dari daerah,0
Grab,aplikasi membutuhkan ruangmemori yang banyak sehingga pada saat memori penuh aplikasi tidak bisa berjalan dengan lancar,1
Grab,saran untuk grab ini backsoundnya mohon dihapus saja karena sangat mengganggu apalagi waktu mengangkat telfon saat dalam perjalan bersama drivernya suara backsoundnya masuk kedalam telfon,1
Grab,senang aja dgn aplikasi dan promonya hanya sj knp skrg jd dpt abg grabnya jauh trs jd butuh waktu nunggu jd lamaaaaa mau cancel kasihan abg grabnya tlg ksh driver yg dekat aja ya,1
Grab,complain suda dtngani tuti ttng driver nakal mohondtindak dan disuspend karena mlarikan uang tmn skerja ny,1
Maxim,driver terbaik bintang nya kalo ada 10 tak kasih nya 11 pelayanan sangat luar biasa baik nya,1
Grab,saya pelanggan setia grabkarna kemana2 naik grabgrab sangat membantu sy tarifnya jg tdk mahalkebanyakan sy ksh bintang 5 tp ada jg sesekali sy ksh bintang 1 sepwrti yg barusan drivernya chat saya dgn kata2 yg kurang pantasmohon ditindaklanjuti,1
Grab,aplikasi buruk driver terdekat malah dapet yang jauh pakai otak mereka datang pakai bensin bukan pakai modal cuma cuma perusahaan mu,1
Grab,tolong ya itu maping nya di benerin lagi udah jelas2 saya bener pas titik alamat saya kok driver2 malah ke titik yang lainjadi saya terus yang di marahin sama driver padahal titik rumah saya udah bener,0
Grab,sampai bikin 2 laporan ga ada yg beres permslhan ga selesai jg parah dah payah cari karyawan yg bs kerja,1
Grab,knpa cari sopir grb tujuan rs pon itu susah nya ampun banget kebanyakan sopir grb nya langsung dicancel,1
Maxim,aplikasi tidak d sertai laporan darurat sehingga sulit untuk melakukan pengadun atas tindakan pelanggaran yg mungkin di lakukan driver2 nakal,0
Maxim,aplikasi ojol yg memang murah sih menurutkutdk kalah dgn yg laintrus tingkatkan lgklo bs adakan voucher2 dong kaya di ojol2 yg lain,1
Grab,saranku ada alasan pengemudi meminta cancel klw ada pecancelan atau fitur blokir driver deh muak 3 hari berturutturut di org yg sama minta cancel terus,1
Maxim,driver maxim pada jorok udh sesuai titik bilang ny gk sesuai titik giliran dikasih tau aplikasi customer mla driver nya diem,1
Grab,navigasi grab sangat tidak bagus dan dipakainya gak enak tapi driver dipaksa wajib menggunakannya gak profesional dan memalukan,1
Maxim,min saran yo kalau udah deket drivernya di navigasi bikin tombol cancelnya hilang aja nanti malah driver marah ke penumpang saya emang salah udah minta maaf kalau dibesarbesarin nanti penumpangnya malah kenapa kenapa kan gak lucu min,0
Grab,terimaksih telah mempermudah transportasi bagi saya yang rumah nya jauh dari jl raya sangat sangat membantu,1
Maxim,untuk driver nya datang lumayan cepat cuman untuk maps yg jalan seperti kampus yang masuk ke gang atau gang g bs di jangkau tolong perbanyak maps nya,1
Maxim,kepada yth maxim mohon mohon banget ongkosnya di naikkan lg kl cuaca sedang hujan apalagi kl sedang hujan deras kasihan banget sm driver nya,1
Grab,saya mesen tunai bayar juga k drivernya tapi ada keterangan bayar nontunai agar bsa menyelesaikan pemesanan berikutnya padahal uda bayar,0
Maxim,recommended bintang 5 drivernya oke oke jempol 5 top markotop untuk pihak jasa aplikasi sarannya update fitur terkini supaya tidak ketinggalan dengan aplikasi sebelah good job maxim sukses teruss,1
Grab,bingung deh soal algoritma program ini paramernya gimana ya seharusnya jika tidak mendapatkan driver sesuai dengan tenggat waktu harusnya batal lah kalo sampe nunggu sampe dapat driver nunggunya kelamaan,1
Grab,di tempat saya banyak driver rangkap gojekdan kebetulan selalu dapat driver yg utama gojeksombongturun matikan motor aja ga mau,1
Grab,sangat membantu sekali untk kita2 yg pngn aktifitas tp terkendala hujan solusinya ya grabcar mksh grab,1
Maxim,perusahaan penyengsara driver tolonh driver pindah aja semua le tempat lain dan untuk pelanggan harap segera uinstal app ini jangan pakai lagi,1
Maxim,baik sih cm apapun rutenya harusnya legowo berjuang jgn ngedumel dulu jln sempitlah bnyak kelok lah padahal kami siap byr lebih untuk itudan jalan sering dilalui car online,1
Grab,mohon perbaiki min layanan nya saudara pilih grab car plus blue bird mulu orang mau mobil biasa kerja sama boleh tapi sesuai jenis pilihan layanan customer yg inginkan,0
Grab,sebaiknya update data driver melalui satgas di wilayah tasikmalaya dan ciamis karena di temukan tidak sesuai plat nomor kendaraan driver terima kasih,1
Grab,aplikasi udah banyak driver yang gak beres dan kasus aplikator nya juga udah bobrok gajelas penyelesaian masalah nya gak beres cukup kecewa sekian tahun pake aplikasi grab grab sekarang jadi aplikasi scam gajelas aplikator yang bobrok dan driver banyak yang bermasalah,1
Maxim,tolong buat sistemnya agar bisa memblokir driver agar tdk ketemu lagi dengan driver yang di rasa kurang sopan,1
Maxim,nyoba sistem maxim wallet isi untuk pertama kali menggunakan bank sebesar 30000 outputnya yang keluar malah 27000 ini siapa yang ngambil dalam keterangan cara pembayaran tidak ada biaya admin dan lebih parahnya lagi banyak drive yang menolak menggunakan maxim wallet dengan alasan sistem sedang eror,0
Grab,kapok baru pertama kali pesen di grab malah dapet driver yang ga ramah dan ga sopan banget marahmarah gajelas dengan nada tinggi dahlah udah gamau pesen lagi di grab mengecewakan,1
Grab,boss nya grab makin kaya raya karyawan grab hidupnya makin sejahteramitra nya grab yg nyari duit dijalanan hidup makin menderitapotongan makin gedetarif makin dimurahin bener2 sadis dan kejam sama mitra kenapa grab makin biadab sama mitra,1
Grab,kapok aku pke grab baru kali ini aku di bikin kapok gak dpt driver haruss cancel gak customer yg hrus nunggu 2jam bhkan bisa lebih bikin kapok tahun tahunan pake aplikasi ini baru kali ini aku di bikin bener2 emosi,0
Maxim,saya memberikan laporan beberapa hari lalu terkait pelayanan driver tapi belum ditindak lanjuti sampai hari ini kenapa,0
Grab,aplikasi yang sangar menolong kegiatan setiap hari tarif awalnya oke tapi sekarang semakin mahal dengan alasan untuk inilah untuk itulah untuk perbaikan untuk pelatihan sejujurnya masih terbaik kedua,1
Grab,saya memesan layanan grabcar plus yang datang taksi blue bird dengan kondisi mobil lama saya berharap yang datang mobil pribadi yang baru kenapa yang datang malah blue bird tolong di perbaiki sistem nya agar grabcar plus yang datang mobil pribadi,1
Maxim,setelah 3 x baru berhasil mendapatkan mobilyg 2 minta dibatalkanmohon untuk driver yg sering membatalkan diberi peringatan atau denda,0
Grab,saya nggak baru kemarin pakek aplikasi grab sudah bertahun2 kenapa hari ini pengemudi membuat saya marah dimana sopan santunnya dimana cara membuat pengaduan tentang masalah ini mohon untuk pihak grab lngsung direspon tentang aplikasi saya hari ini juga,1
Grab,bisa bisa nya akun saya di tangguhkan cok gua bukan driver tapi kenapa di tangguhkan akun saya,0
Maxim,tgl 31 januari 2025 sy pesan maxim buat anak sy tp di turunin di jalan padahal sudah sy bayar sesuai aplikasi malah sy tambahin tp driver nya kurang ajar mana pake nomer beda sy sdh komplain ke cs tp tidak di tanggapiparah ini maxim,0
Maxim,pengemudi joe rumtily dengan motorcycle warna merah tua nopol de6151na selamat menikmati perjalanan anda rating 495,1
Grab,karena terkadang saya dapet potongan harga saya kasih bintang 3 karena terkadang sulit mencari driver suka di cancel dari driver nya kaya orang gak niat kerja aja,1
Grab,akibat fiturnya pelayanan jadi gak ramah saya cuma telat satu menit ngambil garagara dipanggil dulu malah dimarahin sama ojolnya depan orang ramai,1
Grab,ngebantu buat pergi pergian suka ada promo potongan harga juga lumayan dapet driver nya juga gercep,1
Maxim,driver tidak sopan berbicara tidak sewajar nya ngejugde saya dengan sebutan buta padahal saya sudah nunggu 20 menit mempermalukan saya di tempat ramai bentak2 sangat kecewaaa padahal sya pengguna maxim cukup lamaaa tapi ini benar2 kelewatan sangat tidak rekomen,1
Maxim,tolong tambahkan fitur blokir driversupaya menghindari driver yg bikin risih costumerjujur ingin sekali maxim menyediakan fitur ini supaya costumer apalagi yg anak sekolahan aman dan tidak mencemaskan orang tua di rumah terimakasih maxim,1
Maxim,kerenn pelayanan drivernya hujan deras macet tetap dijalankan dengan baik tanpa mengeluh mksih bang driver akhirnya sampai tujuan juga,1
Grab,pencarian alamat cuman ada peta opsi satelitnya sudah hilang alamat di peta juga ngaco tolong di perbaiki,0
Grab,di semua daerah malang gak ada titik lokasinya jadi bingung mau ngeklik terus driver daerah malang gak profesional aku diturunin di jauh titik lokasi,0
Maxim,jadi spg maxim ngasih kode voucher pku1 mayan ya waktu di gunakan malah drivernya gak terima dih gak guna mending pindah aja deh pake aplikasi gojek aplikasi maksim penipu,1
Maxim,pengemudi wahyu rusmana welly dengan motorcycle warna biru nopol d6841ven selamat menikmati perjalanan anda rating 470,1
Maxim,pelayanan terbaik driver sangat membantu hanya saja aplikasi error namun driver tetap menjalankan tugas nya dengan sangat baik terimakasih maxim,1
Grab,ttp sy ksh tp saran klo hujan jgn susah ya krna hujan grabcar itu sangat di butuhkan,1
Maxim,drivernya baik sampai rumah dg slmat pokonya enak maxim drpd ojol mksh driver pelayanan penumpang dgn baik,1
Grab,tolong lah grab mapnya di update di gojek aja mapnya terbaru ini di grab lokasi saya malah ga keliatan kesian driver suka nyasar gua harap ini bisa di baca,0
Maxim,respon cepat dan pengemudi santun terima kasih maxim memang termurah dan mantap lah untuk teman perjalanan,1
Maxim,murah tapi nda bisa non tunai ada fiturnya tapi nda bisa dipakai karna driver tidak pakai non tunai maps sulit kalau cari lokasi,0
Maxim,tolong perbaiki lokasi map nya agar lebih gampang utk driver mencari alamat dan tambahkan fitur foto di dalam obrolan agar driver tau yang mana customer nya,0
Maxim,lambat sudah naikin harga pun tak da yang mau jemput sye dikota besar pun mcm tak da driver yg mau ambik,1
Grab,tolong kalo saya dapat driver yang harus melakukan perhentian dulu saya bisa chat juga karena kadang ada driver yang main cancel tanpa komunikasi sudah lama nunggu eh di cancel ngeselin,1
Grab,tolong untuk ada fitur cepet jemputnya soalnya kita pelanggan juga perlu cepat nanti kalau dibatalkan gara lama terus kena suspend kita sbg pelanggan di viralkan karena kurang memahami driver tolong sekali,1
Grab,tolong di perhatikan lg untuk driver nya terutama saat hujan sudah menunggu lama lama driver se enaknya malah di batalin,1
Maxim,bapaknya ramah baik bgd udh mau bawa kitadari tadi mo klinik bawa yg sakit susah bgd pesen ojol dibatalin trsterima kasih ya pak sudah mau bawa kita disaat kita butuh bgdmaaf cm bs kasih tips sedikitsehat selalu bapak,1
Maxim,driver mobil mxim pads gak profesional apa lagi klo ujan apa lagi jauh deket aja gak mau ambil malah ngomonhin tarif klo mau mahal jangan di maxim pelanggan juga ngerti klo drivernya bener ma aplikas telek,1
Maxim,pengemudi saputra hair ludin dengan motorcycle warna hitam nopol bp2026kb selamat menikmati perjalanan anda rating 490 bugusramahbaik,1
Grab,iklan nya ganggu banget susah di close udah jarang gw pake mahal beda sama gojek dan maxim drivernya kasus mulu kaka gw hampir dilecehin sama driver grab,1
Maxim,ga usah kasih menit kalo driver gabisa dateng sesuai menit an sebel mana driver ada yang ga jujur teruss nyebelinnya itu kadang ada driver suka marah marah dari admin maxim juga slow res bgt,1
Grab,tiap dibuka aplikasi nya loading nya lama terus ngelag ngelag posisi driver sering ga bergerak padahal sudah sampai titik,0
Maxim,mantap supir nya pun rama dan baik mobil nya pun bersih dan wagi wak pokok nnya josss x,1
Grab,kenapa ya grab akhir2 ni tarif ongkosnya terlalu mahal apakah tidak ada promo lagi tak seperti grab di indonesia sana banyak bagi promo pada penggunanya,1
Maxim,susah buat ketemu driver sering salah alamat kalo di tempat baru lebih bagus kalo ada fitur kameranya dev,1
Maxim,driver mobilnya sombongsombong semua kecuali dinaikin harganya baru mau kalau memang niatnya ga mau sesuai aplikasi ga usah make maxim,1
Maxim,aneh banget pengemudi nya anehaneh aplikasi aneh waktu tunggu di aplikasi 10 menit dirungguin 10 menit berganti tulisan dricer akan segera sampai padahal driver masih sangat jauh alhasil nunggu driver sampai 40 menit mau di cancep gaenak sama driver nya,0
Grab,bayangin grabcar chat bawa orang stroke langsung di cancel ini ga cuman sekali udau berkali kali,0
Grab,keseringan driver gada kembalian padahal kami ini customer kalo tidak siap dgn kembalian jgn buka layananpenjualan,1
Maxim,perbaiki drivermu masak banyaknya driver terdeteksi satu pun tidak ada yang mau ambil padahal sudah di up 10000,1
Grab,alhamdulillah saya mendapatkan pelayanan grab yg ramah tamah terima kasih banyak ya grab ijin bertanya untuk mendapatkan grab hemat caranya bagaimana ya karena saya sering menggunakan pelayanan grab baik mobil atau motor terima kasih dan maaf bila pertanyaan kurang berkenan terima kasih,1
Grab,aplikatornya merugikan konsumen dan driver fokusnya sekarang bukan lagi pelayanan biaya terus dinaikkan tanpa diimbangi peningkatan pelayanan,1
Grab,seneng sih dapat tarif murah tp kasian juga ke abangnya sy klo dapat tarif yg murah pasti inisiatif ngasih tip ke driver nya biar sesuai dengan tarif aplikasi lain nya,1
Grab,setelah saya tahu ternyata grab memotong penghasilan driver sungguh keterlaluan driver grab bagaikan di jadikan sapi perah oleh aplikator,1
Maxim,saya kecewa harga awal tarif 25 ribu terus tiba2 jadi 38 ribu tanpa konfirmasi driver mengaktifkan tarif tunggu,0
Grab,terkadang mendapatkan pengemudi ojek online yang terlalu jauh bahkan didapatkan dari tempat tujuan kurang optimal dalam mendapatkan pengemudi yang dekat,1
Grab,argo nya tidak sesuai dengan yang di awal pemesanan padahal sesuai dengan titik aplikasi grab sekarang banyak biaya lain lain nya yg tidak ada konfirmasi nya ke penumpang sehingga harga argo sesudah sampai titik menjadi membengkak mending pake aplikasi sebelah manis di awal aja,0
Grab,terima kasih grab dengan driver yang sangat ramah bisa menjadikan aplikasi grab ini semakin lebih baik,1
Grab,sangat membantu ketika tidak tahu arah jalan perjalanan yg mengasikkan pengemudi yang ramah dan sangat membantu yang mengerti navigasi dan arah jln,1
Maxim,dtng ke sekolah memberi voucher 200rb eh pas dipake ga bisa dan cara pemakaian tidak diberi tau nipu ga si,0
Grab,grab selalu terdepan dan semoga selalu membantu driver di jalan dan stop mempersulit driver terima kasih,1
Maxim,terimakasih untuk yang buat aplikasi maxim yang sangat membantu para orangorang yang sudah cari transportasi tapi tolonglah untuk kedepan aplikasi kalau ada pelanggan mau daftar atau mau pakai jasa maxim tolong di sertakan foto terimakasih,1
Maxim,saya sdh mncoba bbrapa x pelayanan cepat hrg murah driver cermat sehingga kami sampe d tujuan tpt waktu,1
Maxim,alhamdulilah pak supir terbaik kmren tas dan hp saya ketinggalan di mobil di balikin lagi sama pak supir nyaterimakasih pak supir terpercaya jujur dan adil,1
Maxim,terlalu banyak driver maxim yg tidak menggunakan atribut terutama di sore hari belum lg klw plat motornya berbeda,1
Maxim,tolong drivernya cari yang benar baik saya 2 kali dapat driver yang kurang ajar padahal saya udah percaya pake maxim,1
Maxim,tolong untuk pelanggan yang memakai jasa maxim harap dilakukan verifikasi ktp terlebih dahulu karena sudah banyak penipuan kasihan para para driver maxim,1
Grab,grab aku knapa ya setiap mau pesan makan ataupun pesan transportasi selalu saja tidak bisa selalu saja ada notifikasi yang mengatakan permintaan mu tidak dapat di proses,0
Maxim,sering di jauhkan dari lokasi tujuan dan di caci maki oleh drivermembawa motor dengan ugalan dan di turunkan padasaat di jalan,1
Maxim,nyari alamat susah titik suka mleset susah dapet driver giliran dapet chat susah tlfn susah fhoto di chat ga ada di marahin driver katanya akunnya ga di kasih nama mana saya tau kapok pesen maxim driver uring uringan katanya argo ga seberapa,0
Maxim,nunggu penumpang lama bisa kena biaya tambahan nunggu drivernya lama ga bisa kasih jempol ke bawah atau kompensasi lain,1
Maxim,apk nya si bagus bgt tapi kadang sebel aja sama beberapa driver yg lemot bbrpa kali naik maxim bikin telat kerja dan juga untuk alamatnya blm lengkap,1
Maxim,driver mobil nya udh kyk angkot nyalip langsung motong jalan orang di didik lagi tuh driver nya skill angkot jangan di bawa di online nge bahayakan orang aja,1
Grab,aplikasi diperbaharui mengapa malah gembel sering bikin ngelag hp sudah restart hp tetep aje crack padahal aplikasi lain lancar,0
Maxim,terserah driver nya jadi miskin atau tidak makanya sekali kali jadi penumpang biar ngerasain enak tapi aplikasi ini sangat menguntungkan buat saya,1
Maxim,keren sih cuma sayang drivernya kurang banyak disaat yang lain kyak gojk dan grb ga mau nerima ini mau nerima pokoknya recommend lah,1
Grab,potongan yg sangat besar di beban kan ke pihak konsumen driver dapat sedikit aplikasi perbudakan founder malaysia emang negara musuh indonesia,1
Grab,kenapa aplikasi grab driver tidak bisa di instal di hp realme c11 2021 keterangan perangkat ini tidak kompatibel dengan hp anda,0
Grab,drivernya sombong mentang mentang pake grabcar hemat ga ada yg mau terima padahal lagi kejebak hujan,1
Grab,akhir ini sy kalo pesen grab dikasih pengemudinya yg jauh bgt udah gitu pencariannya lama bgt jd selalu buat sy telat kerja dan dipotong gajinya,1
Maxim,bgus ramah trnyta gk semua driver tidak bersih dn rapihh wlaupun rta2 gk mngenk atribut lengkp,1
Grab,ini grab car error kah aplikasi nya bayar tunai gk bsa2 maupun pake superbank tolong ini akun saya tidak bisa di gunakan sama sekali sudah beberapa hari kepusat bantuan pun sudah mengadu tapi tidak ada solusi tanggapan apapun,0
Maxim,tolong dihapus aja waktu tunggu berbayar nya soalnya ga nunggu juga dibuat berbayar sama drivernya di jalan sejam dari 71 bayar 100 rb parah sih munurutku nama driver nya harrys pratama teguh di serang banten kerjanya ciruas,0
Grab,trauma bgt tiap naik grab car gaada yg bener tiap jalan supirnya ngeluh mulu macet lah apalah padahal kita sebagai customer gatau apa apa soal gitu memang sudah resiko mohon adain fitur silent buat pengemudi biar ga banyak ngeluh atau ngomong,1
Maxim,kesan pribadi dr saya memesan maxim peta sudah di titik yg tepat tapi tidak bisa pass pdhl sudah benar pencarian untuk driver sangaaattt lama sekali dann endingnya gagaleror bahkan tidak berfungi untuk memesan,0
Grab,cuaca lagi hujan cari grab malah makin tinggi harganyamana dapetnya lama banget giliran udah dapet drivernyamalah kejauhan bilangnya mapsnya salah parah banget sihmana lagi urgent tolong ya grab perbaiki,1
Maxim,drivernya kalo dapat oderan malam selalu ngancem ke castamer daerah jatiasih sekitarnya mau di ramein ama driver maxim sampai mau di ramein ke rumah castamer nya tolong pusat maxim di tindak lanjutin daerah jatiasih sekitarnya,1
Grab,grab ga jelas makin hari makin naik grab hematnya lama kalo naik terus gini gamau lg pake grabdan driver suka ga jalan udh di tungguin lama,1
Grab,asalamualaikum aku pengguna aplikasi grab motor ini pemula ingin skli bepergian dapet kenyamanan semoga aplikasi ini memudahkan aku bepergian dan lancar sllu amin terimaksih,1
Grab,aplikasi ngaco saya ingin cepat berangkat dapat driver jauh jauh terus lokasi nya sudah beberapa kali pesan cancel pesan cancel ngaco,1
Grab,pesen dari jam 1900 udah jam 2200 ga dpt dpt driver gabisa dibatalin lagi bikin gabisa tidur klo tidur tkutnya dpt driver benerin lah gajelas,0
Maxim,driver banyak yg ga jujur 3x pesan harga semua dilebihkan saya bukan masalah nominal nya tpi kejujuran,1
Grab,knp si driver nu selalu lama pdhl cm 2 menit kdg nunggu smpe 5 menit lebih,0
Grab,saya baru kali coba transport garap saya ndak tau apakah semua driver garap doktrinnya seperti yg saya alami ramah baik nyaman pokoknya markotop lah,1
Maxim,terimakasih abang udah anterin bapa saya abang nya ramah dan humoris lancar terus rezekinya bangg,1
Grab,parah sih mau pake promo 55 udh mau klik pesan eh ilang tiba2 klo ga niat jgn php org sama pihak apl tolong manusiakan manusia masa ada argo 5rb an kasian driver nya belum bensin ihh parah bgt umr naek ini argo turun,1
Grab,kocak apl ngaco milih tempat tujuan aja susah banget harus milih di peta di cari gabisa,1
Grab,tolong turun kan ongkos terlalumahal dan selalu update lokasi bannyak lokasi yang tidak keluar di pencarian padahal gps aktif,1
Maxim,biaya di aplikasi 25k pas sampe jd 29k di aplikasi drivernya isi e wallet lama masuknya isi 26k yang masuk cuma 22k dan ini perdana nyoba maxim tapi kesan pertama langsung bikin kecewa,0
Grab,sudah pesen ditanyain driver titik jemput sudah sesuai tiba2 dibatalkan gak ada informasi apa2 dari driver dan akhirnya terlanjur terlambat tidak bisa berangkat terima kasih grab,0
Maxim,anjir apaaan nyari jln kagak ada muncul2 udah copy link map kopy jln ttp gak muncul udah pencarian ttp gak muncul hadeeeh ribet deh,0
Grab,setelah upgrade jadi lemot susah dibuka sebelumnya lancar2 saja tolong perbaiki sy kasih bintang 1 dulu kalau sudah lancar baru tambah,1
Maxim,tolong dong kasih tau driver motor cuman di tinggal minjem duit hp di bawa kabur sama driver kejadian kamis sore naik dari pademangan ke pesing hp di bawa kabur,0
Grab,tolong grabcar xl kenapa hilang grab car new plus terlalu mahal mohon koreksi untuk grabcar xl,1
Grab,mahal kalo jauh dari kota tak ada driver grab yg punya orang malaysia mending saya pakai hijau yg sebelah,1
Maxim,apknya astaghfirullah sekali masa mau daftar malah ga dikasih kode terus juga nyoba cara lain malah sulit,1
Grab,grabcar drivernya engga pakai otak jalanin mobilnya minus akhlakminus attitude juga pelayanan jelektidak ramah terhadap penumpang,1
Grab,didaerah saya pemalang grab jam 0530 wib pesen grabcar utk ibu saya melahirkan susah sekali pdahal darurat utk pergi ke rs,1
Grab,aplikasi gak guna anjir nunggu driver doang ampe 45 menit lebih mana lagi gk bisa di cancel,0
Grab,tolong diupdate jalanya susah kalo mau masuk pelosok ndak ada ancer 1 bulan sekali kek secara berkala,1
Grab,hilangkan aja fitur hemat kalau driver kalian menolak utk pickup customer akan kesulitan klo driver semua nya menolak gitu hemat,1
Maxim,pelayanan ramahmusik ok gak bikin jenuhperjalanan nyamansupir orangnya asikbaikreccomender deh pokoknyapengemudi pratama ananditya dengan toyota avanza warna hitam nopol b1539pyr selamat menikmati perjalanan anda rating 400,1
Maxim,pengemudi septian hadi dengan daihatsu sigra warna coklat tua nopol bp1706ci selamat menikmati perjalanan anda rating 495,0
Grab,pusat bantuan gk berguna lama sekali responnya padahal kesalahan dari aplikasi bukan dari driver ataupun penumpang tapi penanganan lama dari tanggal 9 sampai sekarang blm dapat penanganan,0
Maxim,terlalu banyak kecewa nya pergi ke tempat wisata padahal deket dari stasiun ga ada yg pick up padahal di maps nya banyak driver,0
Grab,akun grab nya tibatiba keluar dan tidak bisa digunakan pdhl saya udah mesen grabcar gabisa cek lokasi driver udh sampe dimana,0
Maxim,bintang satu karna tertinggal nya hp teman saya si driver juga tidak bisa diajak kerja sama dan yang terakhir penanganan yang lama,1
Maxim,pelayanan terhadap konsumen jelek driver jarang mau datang dgn berbagai alasan yg tak masuk akal driver yg di pilih terlalu jauh dari titik penjemputan,1
Grab,parah driver grab cirebon khususnya cideng raya orangnya senga amat ga ada ramah nya koq bisa orang kaya gitu jadi driver,1
